COPY act (actid, actname, genre, standardfee) FROM stdin;
1	QLS	Music	29000
2	The Where	Music	13000
3	Join Division	Music	1000
4	The Selecter	Music	28000
5	Scalar Swift	Music	30000
6	ViewBee 40	Music	31000
\.


COPY venue (venueid, venuename, hirecost, capacity) FROM stdin;
1	Big Hall	15000	15
2	Arts Centre Theatre	15000	17
3	City Hall	8000	20
4	Village Green	11000	12
5	Village Hall	19000	8
6	Cinema	20000	3
7	Symphony Hall	17000	15
8	Town Hall	3000	16
\.


COPY gig (gigid, venueid, gigtitle, gigdatetime, gigstatus) FROM stdin;
1	6	Test title	2018-12-11 19:00:00	G
2	6	Test title	2019-03-08 20:00:00	G
3	7	Test title	2017-09-07 19:00:00	G
4	5	Test title	2020-04-06 18:00:00	G
5	3	Test title	2018-03-12 18:00:00	G
6	7	Test title	2018-05-01 19:00:00	G
7	3	Test title	2018-06-24 20:00:00	G
8	8	Test title	2018-08-11 20:00:00	G
9	5	Test title	2018-06-04 18:00:00	G
10	8	Test title	2018-04-06 18:00:00	G
11	8	Test title	2017-12-26 18:00:00	G
12	8	Test title	2019-06-20 18:00:00	G
13	1	Test title	2020-02-26 20:00:00	G
14	8	Test title	2020-12-19 19:00:00	G
15	7	Test title	2020-10-02 20:00:00	G
16	2	Test title	2017-09-22 18:00:00	G
17	7	Test title	2016-02-07 19:00:00	G
18	1	Test title	2016-04-25 20:00:00	G
19	7	Test title	2020-12-25 18:00:00	G
20	2	Test title	2016-07-10 20:00:00	G
21	2	Test title	2018-05-23 20:00:00	G
22	2	Test title	2018-09-03 20:00:00	G
23	1	Test title	2016-11-02 18:00:00	G
24	8	Test title	2019-05-28 19:00:00	G
25	5	Test title	2016-02-14 18:00:00	G
26	2	Test title	2017-02-27 19:00:00	G
27	2	Test title	2018-08-24 19:00:00	G
28	5	Test title	2017-08-03 20:00:00	G
29	6	Test title	2016-06-23 18:00:00	G
30	8	Test title	2018-09-16 19:00:00	G
31	8	Test title	2018-09-19 18:00:00	G
32	4	Test title	2016-12-25 19:00:00	G
33	3	Test title	2020-08-18 19:00:00	G
34	8	Test title	2016-08-18 19:00:00	G
35	4	Test title	2017-11-28 19:00:00	G
36	4	Test title	2017-02-16 20:00:00	G
37	5	Test title	2018-11-22 19:00:00	G
38	7	Test title	2016-12-22 20:00:00	G
39	6	Test title	2019-10-02 19:00:00	G
40	5	Test title	2017-05-20 20:00:00	G
41	6	Test title	2019-07-04 19:00:00	G
42	3	Test title	2020-03-20 20:00:00	G
43	7	Test title	2019-04-11 18:00:00	G
44	6	Test title	2020-10-11 19:00:00	G
45	7	Test title	2016-06-18 20:00:00	G
46	2	Test title	2019-04-21 20:00:00	G
47	7	Test title	2016-09-22 18:00:00	G
48	4	Test title	2018-10-09 18:00:00	G
49	4	Test title	2020-07-03 19:00:00	G
50	7	Test title	2018-02-28 19:00:00	G
\.


COPY act_gig (actid, gigid, actgigfee, ontime, duration) FROM stdin;
5	1	30000	2018-12-11 19:00:00	70
3	1	1000	2018-12-11 20:45:00	80
5	2	30000	2019-03-08 20:00:00	30
1	2	29000	2019-03-08 20:40:00	50
3	2	1000	2019-03-08 21:45:00	70
6	3	31000	2017-09-07 19:35:00	40
5	4	30000	2020-04-06 18:00:00	70
5	5	30000	2018-03-12 19:25:00	40
6	6	31000	2018-05-01 19:00:00	70
2	6	13000	2018-05-01 20:20:00	40
2	7	13000	2018-06-24 20:00:00	50
6	7	31000	2018-06-24 21:00:00	70
5	8	30000	2018-08-11 21:05:00	70
2	8	13000	2018-08-11 22:25:00	30
5	9	30000	2018-06-04 18:00:00	30
3	9	1000	2018-06-04 18:30:00	20
6	9	31000	2018-06-04 19:05:00	40
3	9	1000	2018-06-04 19:55:00	60
2	10	13000	2018-04-06 18:00:00	80
6	11	31000	2017-12-26 18:00:00	50
2	11	13000	2017-12-26 19:00:00	70
4	11	28000	2017-12-26 20:25:00	60
2	12	13000	2019-06-20 19:05:00	20
5	12	30000	2019-06-20 19:40:00	20
5	13	30000	2020-02-26 20:00:00	80
2	14	13000	2020-12-19 19:45:00	20
5	14	30000	2020-12-19 20:15:00	80
3	14	1000	2020-12-19 21:35:00	50
2	15	13000	2020-10-02 22:55:00	30
4	16	28000	2017-09-22 18:00:00	60
1	17	29000	2016-02-07 19:00:00	60
1	17	29000	2016-02-07 20:20:00	80
5	17	30000	2016-02-07 21:50:00	30
3	18	1000	2016-04-25 20:00:00	70
2	19	13000	2020-12-25 18:00:00	60
1	20	29000	2016-07-10 20:25:00	80
2	21	13000	2018-05-23 20:00:00	60
1	22	29000	2018-09-03 20:00:00	60
1	23	29000	2016-11-02 20:05:00	80
5	24	30000	2019-05-28 19:00:00	70
1	25	29000	2016-02-14 18:00:00	30
3	25	1000	2016-02-14 18:30:00	70
3	25	1000	2016-02-14 20:00:00	70
5	26	30000	2017-02-27 19:25:00	50
5	27	30000	2018-08-24 19:00:00	30
3	27	1000	2018-08-24 19:30:00	70
5	27	30000	2018-08-24 20:55:00	60
2	28	13000	2017-08-03 20:00:00	20
1	28	29000	2017-08-03 20:35:00	40
6	29	31000	2016-06-23 18:00:00	80
2	29	13000	2016-06-23 20:00:00	70
6	30	31000	2018-09-16 19:00:00	50
4	30	28000	2018-09-16 19:50:00	50
6	31	31000	2018-09-19 18:00:00	75
3	32	1000	2016-12-25 19:00:00	80
2	33	13000	2020-08-18 19:00:00	80
4	34	28000	2016-08-18 19:00:00	80
4	35	28000	2017-11-28 19:00:00	80
2	35	13000	2017-11-28 20:30:00	80
3	37	1000	2018-11-22 19:00:00	40
6	37	31000	2018-11-22 19:40:00	20
1	38	29000	2016-12-22 20:00:00	60
1	38	29000	2016-12-22 21:15:00	30
2	39	13000	2019-10-02 19:00:00	50
1	39	29000	2019-10-02 21:10:00	70
5	40	30000	2017-05-20 20:00:00	75
5	41	30000	2019-07-04 19:00:00	20
1	41	29000	2019-07-04 19:30:00	30
5	42	30000	2020-03-20 20:00:00	60
5	42	30000	2020-03-20 21:20:00	60
3	43	1000	2019-04-11 18:00:00	40
2	43	13000	2019-04-11 18:40:00	30
3	44	1000	2020-10-11 19:00:00	30
3	44	1000	2020-10-11 19:40:00	30
3	44	1000	2020-10-11 20:20:00	20
2	45	13000	2016-06-18 20:00:00	60
4	46	28000	2019-04-21 21:25:00	70
4	47	28000	2016-09-22 18:00:00	40
6	47	31000	2016-09-22 18:55:00	80
4	48	28000	2018-10-09 18:00:00	70
3	49	1000	2020-07-03 19:00:00	80
2	50	13000	2018-02-28 20:05:00	40
6	50	31000	2018-02-28 21:00:00	60
2	1	13000	2018-12-11 20:10:00	20
6	36	31000	2017-02-16 20:00:00	40
3	15	1000	2020-10-02 20:00:00	60
5	36	30000	2017-02-16 21:45:00	40
6	36	31000	2017-02-16 22:40:00	40
1	36	29000	2017-02-16 21:00:00	25
2	3	13000	2017-09-07 19:00:00	35
4	39	28000	2019-10-02 20:05:00	65
1	26	29000	2017-02-27 19:00:00	25
5	50	30000	2018-02-28 19:00:00	65
3	29	1000	2016-06-23 19:35:00	25
4	12	28000	2019-06-20 18:00:00	45
4	5	28000	2018-03-12 18:00:00	60
1	46	29000	2019-04-21 20:00:00	60
6	14	31000	2020-12-19 19:00:00	35
4	8	28000	2018-08-11 20:00:00	55
1	15	29000	2020-10-02 21:15:00	60
3	15	1000	2020-10-02 22:30:00	25
2	20	13000	2016-07-10 20:00:00	15
4	23	28000	2016-11-02 18:00:00	25
5	23	30000	2016-11-02 18:35:00	15
2	23	13000	2016-11-02 19:00:00	50
\.


COPY gig_ticket (gigid, pricetype, price) FROM stdin;
1	A	40
2	A	40
3	A	40
4	A	40
5	A	40
6	A	40
7	A	40
8	A	40
9	A	40
10	A	40
11	A	40
12	A	40
13	A	40
14	A	40
15	A	40
16	A	40
17	A	40
18	A	40
19	A	40
20	A	40
21	A	40
22	A	40
23	A	40
24	A	40
25	A	40
26	A	40
27	A	40
28	A	40
29	A	40
30	A	40
31	A	40
32	A	40
33	A	40
34	A	40
35	A	40
36	A	40
37	A	40
38	A	40
39	A	40
40	A	40
41	A	40
42	A	40
43	A	40
44	A	40
45	A	40
46	A	40
47	A	40
48	A	40
49	A	40
50	A	40
\.

COPY ticket (ticketid, gigid, customername, customeremail, pricetype, cost) FROM stdin;
1	22	c2 c2	c22cc@example.com	A	40
2	18	a0 a0	a00aa@example.com	A	40
3	45	g6 g6	g66gg@example.com	A	40
4	11	f5 f5	f55ff@example.com	A	40
5	15	h7 h7	h77hh@example.com	A	40
6	48	g6 g6	g66gg@example.com	A	40
7	35	f5 f5	f55ff@example.com	A	40
8	41	d3 d3	d33dd@example.com	A	40
9	36	c2 c2	c22cc@example.com	A	40
10	9	h7 h7	h77hh@example.com	A	40
11	36	a0 a0	a00aa@example.com	A	40
12	10	d3 d3	d33dd@example.com	A	40
13	16	d3 d3	d33dd@example.com	A	40
14	15	a0 a0	a00aa@example.com	A	40
15	16	a0 a0	a00aa@example.com	A	40
16	12	e4 e4	e44ee@example.com	A	40
17	27	h7 h7	h77hh@example.com	A	40
18	49	h7 h7	h77hh@example.com	A	40
19	35	a0 a0	a00aa@example.com	A	40
20	19	b1 b1	b11bb@example.com	A	40
21	10	b1 b1	b11bb@example.com	A	40
22	35	j9 j9	j99jj@example.com	A	40
23	14	g6 g6	g66gg@example.com	A	40
24	25	f5 f5	f55ff@example.com	A	40
25	21	e4 e4	e44ee@example.com	A	40
26	11	j9 j9	j99jj@example.com	A	40
27	26	h7 h7	h77hh@example.com	A	40
28	21	g6 g6	g66gg@example.com	A	40
29	33	d3 d3	d33dd@example.com	A	40
30	30	j9 j9	j99jj@example.com	A	40
31	40	d3 d3	d33dd@example.com	A	40
32	9	c2 c2	c22cc@example.com	A	40
33	40	c2 c2	c22cc@example.com	A	40
34	36	j9 j9	j99jj@example.com	A	40
35	22	b1 b1	b11bb@example.com	A	40
36	21	c2 c2	c22cc@example.com	A	40
37	49	e4 e4	e44ee@example.com	A	40
38	37	b1 b1	b11bb@example.com	A	40
39	48	c2 c2	c22cc@example.com	A	40
40	30	b1 b1	b11bb@example.com	A	40
\.

